INSERT INTO country (country_code) 
VALUES 
    ('BR'),
    ('US'),
    ('NG'),
    ('SV'),
    ('IN'),
    ('CA'),
    ('CI'),
    ('DE'),
    ('HR'),
    ('ID'),
    ('BW'),
    ('ES'),
    ('JP'),
    ('SD'),
    ('DZ'),
    ('UA'),
    ('LY'),
    ('CN'),
    ('CL'),
    ('TZ'),
    ('BG'),
    ('MX'),
    ('MW'),
    ('IT'),
    ('PH');


INSERT INTO city (city_name, country_id, time_zone)
VALUES
    ('Resplendor', 1, 'America/Sao_Paulo'),
    ('South Whittier', 2, 'America/Los_Angeles'),
    ('Efon-Alaaye', 3, 'Africa/Lagos'),
    ('Ilopango', 4, 'America/El_Salvador'),
    ('Jashpurnagar', 5, 'Asia/Kolkata'),
    ('Markham', 6, 'America/Toronto'),
    ('Bonoua', 7, 'Africa/Abidjan'),
    ('Weimar', 8, 'Europe/Berlin'),
    ('Split', 9, 'Europe/Zagreb'),
    ('Kahului', 2, 'Pacific/Honolulu'),
    ('Longview', 2, 'America/Chicago'),
    ('Bensheim', 8, 'Europe/Berlin'),
    ('Gainesville', 2, 'America/New_York'),
    ('Yonkers', 2, 'America/New_York'),
    ('Wangon', 10, 'Asia/Jakarta'),
    ('Oschatz', 8, 'Europe/Berlin'),
    ('Tonota', 11, 'Africa/Gaborone'),
    ('Reus', 12, 'Europe/Madrid'),
    ('Carlos Barbosa', 1, 'America/Sao_Paulo'),
    ('Friedberg', 8, 'Europe/Berlin'),
    ('Charlottenburg-Nord', 8, 'Europe/Berlin'),
    ('Motomachi', 13, 'Asia/Tokyo'),
    ('Ar Ruseris', 14, 'Africa/Khartoum'),
    ('El Achir', 15, 'Africa/Algiers'),
    ('Hlukhiv', 16, 'Europe/Kiev'),
    ('Brunswick', 2, 'America/New_York'),
    ('Ueno-ebisumachi', 13, 'Asia/Tokyo'),
    ('Ajdabiya', 17, 'Africa/Tripoli'),
    ('Licheng', 18, 'Asia/Shanghai'),
    ('Gifhorn', 8, 'Europe/Berlin'),
    ('Bachhraon', 5, 'Asia/Kolkata'),
    ('La Ligua', 19, 'America/Santiago'),
    ('Dublin', 2, 'America/New_York'),
    ('Malaut', 5, 'Asia/Kolkata'),
    ('Magomeni', 20, 'Africa/Dar_es_Salaam'),
    ('Fujioka', 13, 'Asia/Tokyo'),
    ('Pujali', 5, 'Asia/Kolkata'),
    ('Smolyan', 21, 'Europe/Sofia'),
    ('Zacoalco de Torres', 22, 'America/Mexico_City'),
    ('Salima', 23, 'Africa/Blantyre'),
    ('Catania', 24, 'Europe/Rome'),
    ('Calauan', 25, 'Asia/Manila'),
    ('Acayucan', 22, 'America/Mexico_City');

INSERT INTO origin_location (latitude, longitude, city_id)
VALUES
    (-19.32556, -41.25528, 1),
    (33.95015, -118.03917, 2),
    (7.65649, 4.92235, 3),
    (13.70167, -89.10944, 4),
    (22.88783, 84.13864, 5),
    (43.86682, -79.2663, 6),
    (5.27247, -3.59625, 7),
    (50.9803, 11.32903, 8),
    (43.50891, 16.43915, 9),
    (20.88953, -156.47432, 10),
    (32.5007, -94.74049, 11),
    (49.68369, 8.61839, 12),
    (29.65163, -82.32483, 13),
    (36.08497, 9.37082, 14),
    (40.93121, -73.89875, 15),
    (-7.51611, 109.05389, 16),
    (51.30001, 13.10984, 17),
    (-21.44236, 27.46153, 18),
    (41.15612, 1.10687, 19),
    (-29.2975, -51.50361, 20),
    (48.35693, 10.98461, 21),
    (52.53048, 13.29371, 22),
    (43.82634, 144.09638, 23),
    (11.8659, 34.3869, 24),
    (36.06386, 4.62744, 25),
    (51.67822, 33.9162, 26),
    (43.91452, -69.96533, 27),
    (34.75856, 136.13108, 28),
    (30.75545, 20.22625, 29),
    (23.29549, 113.82465, 30),
    (52.47774, 10.5511, 31),
    (28.92694, 78.23456, 32),
    (-32.45242, -71.23106, 33),
    (32.54044, -82.90375, 34),
    (30.21121, 74.4818, 35),
    (-6.8, 39.25, 36),
    (36.24624, 139.07204, 37),
    (44.92801, 4.8951, 38),
    (22.4711, 88.1453, 39),
    (41.57439, 24.71204, 40),
    (20.22816, -103.5687, 41),
    (37.49223, 15.07041, 42),
    (14.14989, 121.3152, 43),
    (17.94979, -94.91386, 44);

INSERT INTO plant (plant_id, plant_name, plant_scientific_name, origin_location_id, image_link)
VALUES
    (0, 'Epipremnum Aureum', 'Epipremnum aureum', 1, 'https://perenual.com/storage/species_image/2773_epipremnum_aureum/og/2560px-Epipremnum_aureum_31082012.jpg'),
    (1, 'Venus flytrap', NULL, 2, NULL),
    (2, 'Corpse flower', NULL, 3, NULL),
    (3, 'Rafflesia arnoldii', NULL, 1, NULL),
    (4, 'Black bat flower', NULL, 4, NULL),
    (5, 'Pitcher plant', 'Sarracenia catesbaei', 5, 'https://perenual.com/storage/image/upgrade_access.jpg'),
    (6, 'Wollemi pine', 'Wollemia nobilis', 6, 'https://perenual.com/storage/image/upgrade_access.jpg'),
    (8, 'Bird of paradise', 'Heliconia schiedeana ''Fire and Ice''', 7, 'https://perenual.com/storage/image/upgrade_access.jpg'),
    (9, 'Cactus', 'Pereskia grandifolia', 8, 'https://perenual.com/storage/image/upgrade_access.jpg'),
    (10, 'Dragon tree', NULL, 9, NULL),
    (11, 'Asclepias Curassavica', 'Asclepias curassavica', 10, 'https://perenual.com/storage/species_image/1007_asclepias_curassavica/og/51757177616_7ca0baaa87_b.jpg'),
    (12, 'Brugmansia X Candida', NULL, 11, NULL),
    (13, 'Canna ‘‘Striata’’', NULL, 12, NULL),
    (14, 'Colocasia Esculenta', 'Colocasia esculenta', 13, 'https://perenual.com/storage/species_image/2015_colocasia_esculenta/og/24325097844_14719030a3_b.jpg'),
    (15, 'Cuphea ‘‘David Verity’’', NULL, 14, NULL),
    (16, 'Euphorbia Cotinifolia', 'Euphorbia cotinifolia', 15, 'https://perenual.com/storage/species_image/2868_euphorbia_cotinifolia/og/51952243235_061102bd05_b.jpg'),
    (17, 'Ipomoea Batatas', 'Ipomoea batatas', 16, 'https://perenual.com/storage/image/upgrade_access.jpg'),
    (18, 'Manihot Esculenta ‘‘Variegata’’', NULL, 17, NULL),
    (19, 'Musa Basjoo', 'Musa basjoo', 18, 'https://perenual.com/storage/image/upgrade_access.jpg'),
    (20, 'Salvia Splendens', 'Salvia splendens', 19, 'https://perenual.com/storage/image/upgrade_access.jpg'),
    (21, 'Anthurium', 'Anthurium andraeanum', 20, 'https://perenual.com/storage/species_image/855_anthurium_andraeanum/og/49388458462_0ef650db39_b.jpg'),
    (22, 'Bird of Paradise', 'Heliconia schiedeana ''Fire and Ice''', 21, 'https://perenual.com/storage/image/upgrade_access.jpg'),
    (23, 'Cordyline Fruticosa', 'Cordyline fruticosa', 22, 'https://perenual.com/storage/species_image/2045_cordyline_fruticosa/og/2560px-Cordyline_fruticosa_Rubra_1.jpg'),
    (24, 'Ficus', 'Ficus carica', 23, 'https://perenual.com/storage/species_image/288_ficus_carica/og/52377169610_b7a247a378_b.jpg'),
    (25, 'Palm Trees', NULL, 24, NULL),
    (26, 'Dieffenbachia Seguine', 'Dieffenbachia seguine', 25, 'https://perenual.com/storage/species_image/2468_dieffenbachia_seguine/og/24449059743_2aee995991_b.jpg'),
    (27, 'Spathiphyllum', 'Spathiphyllum (group)', 26, 'https://perenual.com/storage/image/upgrade_access.jpg'),
    (28, 'Croton', 'Codiaeum variegatum', 27, 'https://perenual.com/storage/species_image/1999_codiaeum_variegatum/og/29041866364_2c535b2297_b.jpg'),
    (29, 'Aloe Vera', 'Aloe vera', 28, 'https://perenual.com/storage/species_image/728_aloe_vera/og/52619084582_6ebcfe6a74_b.jpg'),
    (30, 'Ficus Elastica', 'Ficus elastica', 29, 'https://perenual.com/storage/species_image/2961_ficus_elastica/og/533092219_8da73ba0d2_b.jpg'),
    (31, 'Sansevieria Trifasciata', 'Sansevieria trifasciata', 30, 'https://perenual.com/storage/image/upgrade_access.jpg'),
    (32, 'Philodendron Hederaceum', 'Philodendron hederaceum', 31, 'https://perenual.com/storage/image/upgrade_access.jpg'),
    (33, 'Schefflera Arboricola', 'Schefflera arboricola', 32, 'https://perenual.com/storage/image/upgrade_access.jpg'),
    (34, 'Aglaonema Commutatum', 'Aglaonema commutatum', 19, 'https://perenual.com/storage/species_image/625_aglaonema_commutatum/og/24798632751_3a039ecbc6_b.jpg'),
    (35, 'Monstera Deliciosa', 'Monstera deliciosa', 33, 'https://perenual.com/storage/image/upgrade_access.jpg'),
    (36, 'Tacca Integrifolia', 'Tacca integrifolia', 34, 'https://perenual.com/storage/image/upgrade_access.jpg'),
    (37, 'Psychopsis Papilio', NULL, 35, NULL),
    (38, 'Saintpaulia Ionantha', 'Saintpaulia ionantha', 36, 'https://perenual.com/storage/image/upgrade_access.jpg'),
    (39, 'Gaillardia', 'Gaillardia aestivalis', 37, 'https://perenual.com/storage/image/upgrade_access.jpg'),
    (40, 'Amaryllis', 'Hippeastrum (group)', 38, 'https://perenual.com/storage/image/upgrade_access.jpg'),
    (41, 'Caladium Bicolor', 'Caladium bicolor', 39, 'https://perenual.com/storage/species_image/1457_caladium_bicolor/og/25575875658_d782fb76f1_b.jpg'),
    (42, 'Chlorophytum Comosum', 'Chlorophytum comosum ''Vittatum''', 40, 'https://perenual.com/storage/species_image/1847_chlorophytum_comosum_vittatum/og/2560px-Chlorophytum_comosum_27Vittatum27_kz02.jpg'),
    (44, 'Araucaria Heterophylla', 'Araucaria heterophylla', 41, 'https://perenual.com/storage/species_image/917_araucaria_heterophylla/og/49833684212_2aff9d7b3c_b.jpg'),
    (45, 'Begonia', 'Begonia ''Art Hodes''', 2, NULL),
    (47, 'Calliandra Haematocephala', 'Calliandra haematocephala', 42, 'https://perenual.com/storage/species_image/1477_calliandra_haematocephala/og/52063600268_834ebc0538_b.jpg'),
    (48, 'Zamioculcas Zamiifolia', 'Zamioculcas zamiifolia', 43, 'https://perenual.com/storage/image/upgrade_access.jpg'),
    (49, 'Crassula Ovata', 'Crassula ovata', 44, 'https://perenual.com/storage/species_image/2193_crassula_ovata/og/33253726791_980c738a1e_b.jpg');

INSERT INTO botanist (botanist_name, botanist_email, botanist_phone)
VALUES
    ('Carl Linnaeus', 'carl.linnaeus@lnhm.co.uk', '(146)994-1635x35992'),
    ('Gertrude Jekyll', 'gertrude.jekyll@lnhm.co.uk', '001-481-273-3691x127'),
    ('Eliza Andrews', 'eliza.andrews@lnhm.co.uk', '(846)669-6651x75948');

INSERT INTO plant_status (botanist_id, plant_id, recording_taken, soil_moisture, temperature, last_watered)
VALUES
    (1, 0, '2025-02-05 13:28:28', 18.368924086156824, 13.173897748308644, '2025-02-04 14:03:04'),
    (2, 1, '2025-02-05 13:28:25', 16.502490851377956, 12.034239556024533, '2025-02-04 13:54:32'),
    (1, 2, '2025-02-05 13:28:29', 23.69845962602365, 9.137355891506864, '2025-02-04 14:10:54'),
    (3, 3, '2025-02-05 13:28:25', 21.72000856292027, 10.003342328552423, '2025-02-04 14:50:16'),
    (1, 4, '2025-02-05 13:28:29', 99.28028694333996, 11.331457295064292, '2025-02-05 13:16:25'),
    (1, 5, '2025-02-05 13:28:28', 23.244792006622518, 11.69795932776778, '2025-02-04 14:56:18'),
    (3, 6, '2025-02-05 13:28:14', 20.33397426320667, 10.969864671102453, '2025-02-04 13:35:35'),
    (3, 8, '2025-02-05 13:28:15', 99.68752405367793, 11.532184383872147, '2025-02-05 13:23:01'),
    (2, 9, '2025-02-05 13:28:24', 19.090523865700476, 10.601996989720611, '2025-02-04 14:12:43'),
    (2, 10, '2025-02-05 13:28:11', 98.65509671552556, 13.952550640886017, '2025-02-05 13:04:57'),
    (2, 11, '2025-02-05 13:28:18', 19.611704049625473, 9.468071458546106, '2025-02-04 13:37:24'),
    (3, 12, '2025-02-05 13:28:17', 99.14869597544204, 12.810228408708117, '2025-02-05 13:13:51'),
    (3, 13, '2025-02-05 13:28:13', 21.277368418881764, 9.535695583505342, '2025-02-04 13:36:47'),
    (2, 14, '2025-02-05 13:28:17', 21.520663172154272, 13.144497048485823, '2025-02-04 14:17:54'),
    (2, 15, '2025-02-05 13:28:19', 16.305401958823524, 9.984761332234424, '2025-02-04 13:45:31'),
    (1, 17, '2025-02-05 13:28:26', 18.189596445198845, 9.781594079526958, '2025-02-04 14:02:40'),
    (1, 18, '2025-02-05 13:28:26', 19.68179659417477, 9.040933102412351, '2025-02-04 14:29:39'),
    (2, 19, '2025-02-05 13:28:28', 99.77769115097857, 13.863885046733925, '2025-02-05 13:24:30'),
    (1, 20, '2025-02-05 13:28:09', 20.31741419550343, 8.607137200993899, '2025-02-04 14:49:34'),
    (3, 21, '2025-02-05 13:28:18', 21.121085285849958, 11.024439801590987, '2025-02-04 14:23:59'),
    (2, 22, '2025-02-05 13:28:13', 98.5502400497076, 9.551987362057954, '2025-02-05 13:03:26'),
    (3, 23, '2025-02-05 13:28:12', 22.182819864683296, 11.421026926372116, '2025-02-04 14:56:47'),
    (1, 24, '2025-02-05 13:28:14', 18.553011335323376, 13.06208023126228, '2025-02-04 14:44:00'),
    (2, 25, '2025-02-05 13:28:25', 20.2782657869934, 11.59378670938464, '2025-02-04 13:58:41'),
    (1, 26, '2025-02-05 13:28:27', 23.542744346826126, 14.156035934302563, '2025-02-04 14:23:18'),
    (1, 27, '2025-02-05 13:28:16', 22.786761363203055, 10.761370228839478, '2025-02-04 14:58:20'),
    (1, 28, '2025-02-05 13:28:25', 17.798861613386606, 12.413150991790014, '2025-02-04 14:37:02'),
    (2, 29, '2025-02-05 13:28:26', 99.04396113751169, 10.844010222268398, '2025-02-05 13:11:24'),
    (1, 30, '2025-02-05 13:28:27', 21.925511914364648, 14.513797804471148, '2025-02-04 13:55:19'),
    (2, 31, '2025-02-05 13:28:22', 98.6927248548077, 13.364708511497923, '2025-02-05 13:05:43'),
    (2, 32, '2025-02-05 13:28:25', 17.78151514115308, 10.610632805891317, '2025-02-04 14:29:54'),
    (1, 33, '2025-02-05 13:28:15', 18.31350251844661, 13.554110774547341, '2025-02-04 14:05:58'),
    (2, 34, '2025-02-05 13:28:11', 16.728118600389863, 13.41477114019245, '2025-02-04 13:44:15'),
    (1, 35, '2025-02-05 13:28:10', 14.98058031786772, 12.933653519036444, '2025-02-04 13:32:46'),
    (2, 36, '2025-02-05 13:28:20', 21.140999078007525, 12.313011678489634, '2025-02-04 14:09:55'),
    (3, 37, '2025-02-05 13:28:21', 20.87790849428572, 11.09018473163004, '2025-02-04 14:23:43'),
    (2, 38, '2025-02-05 13:28:15', 20.62377087441861, 11.073836361432097, '2025-02-04 13:46:06'),
    (1, 39, '2025-02-05 13:28:19', 17.018190480597013, 13.404030151818747, '2025-02-04 14:18:23'),
    (3, 40, '2025-02-05 13:28:23', 22.213099569316086, 9.092985869388977, '2025-02-04 14:05:38'),
    (1, 41, '2025-02-05 13:28:22', 20.345204651119403, 11.00158790915052, '2025-02-04 13:45:13'),
    (1, 42, '2025-02-05 13:28:22', 21.313243225868717, 9.865986447931778, '2025-02-04 14:49:43'),
    (2, 44, '2025-02-05 13:28:24', 17.879264269780748, 9.575110317598682, '2025-02-04 13:32:40'),
    (2, 45, '2025-02-05 13:28:22', 18.530433360735017, 9.012215543926487, '2025-02-04 14:04:23'),
    (1, 48, '2025-02-05 13:28:10', 19.315165175781246, 14.896151159570024, '2025-02-04 14:31:09'),
    (3, 49, '2025-02-05 13:28:10', 18.02229759475219, 9.396668066660425, '2025-02-04 14:02:15');
